doc_id,engine,type,cer_raw,cer_normalized,cer_sorted,token_f1,delta_raw_sort,ref_len,hyp_len
xfund_train_pt_train_0,doctr,classical,0.176471,0.155005,0.035522,0.861538,0.140949,969,967
xfund_train_pt_train_0,easyocr,classical,0.194014,0.174381,0.107643,0.766839,0.086372,969,963
xfund_train_pt_train_0,lighton_ocr,VLM,0.250774,0.191604,0.065662,0.964467,0.185112,969,1062
xfund_train_pt_train_0,rapidocr,classical,0.202270,0.186222,0.268030,0.752577,-0.065760,969,947
xfund_train_pt_train_0,surya,classical,0.187822,0.165770,0.017223,0.984615,0.170600,969,978
xfund_train_pt_train_0,tesseract,classical,0.219814,0.179763,0.115178,0.771574,0.104637,969,1005
xfund_train_pt_train_1,doctr,classical,0.136980,0.125783,0.040482,0.813830,0.096498,2139,2127
xfund_train_pt_train_1,easyocr,classical,0.169705,0.150843,0.078072,0.786096,0.091633,2139,2119
xfund_train_pt_train_1,lighton_ocr,VLM,0.273960,0.181205,0.096867,0.976000,0.177092,2139,2507
xfund_train_pt_train_1,rapidocr,classical,0.255727,0.248675,0.472289,0.576471,-0.216562,2139,1837
xfund_train_pt_train_1,surya,classical,0.136980,0.124819,0.002892,1.000000,0.134088,2139,2134
xfund_train_pt_train_1,tesseract,classical,0.157083,0.140241,0.073735,0.785340,0.083348,2139,2166
xfund_train_pt_train_10,doctr,classical,0.293872,0.271845,0.122479,0.809061,0.171392,1436,1418
xfund_train_pt_train_10,easyocr,classical,0.307799,0.258402,0.171023,0.727848,0.136776,1436,1388
xfund_train_pt_train_10,glm_ocr,VLM,0.238162,0.196415,0.053025,0.976898,0.185137,1436,1384
xfund_train_pt_train_10,lighton_ocr,VLM,0.945682,0.710232,0.606423,0.891566,0.339260,1436,2519
xfund_train_pt_train_10,rapidocr,classical,0.368384,0.346527,0.454070,0.593857,-0.085686,1436,1326
xfund_train_pt_train_10,surya,classical,0.385097,0.365198,0.021658,0.977346,0.363440,1436,1416
xfund_train_pt_train_10,tesseract,classical,0.257660,0.218820,0.177745,0.737864,0.079916,1436,1393
xfund_train_pt_train_11,doctr,classical,0.270473,0.248649,0.058859,0.849462,0.211614,1734,1733
xfund_train_pt_train_11,easyocr,classical,0.370819,0.338138,0.126727,0.797814,0.244092,1734,1709
xfund_train_pt_train_11,glm_ocr,VLM,0.427912,0.386787,0.142342,0.904899,0.285570,1734,1519
xfund_train_pt_train_11,lighton_ocr,VLM,0.761822,0.494895,0.452853,0.883721,0.308970,1734,2350
xfund_train_pt_train_11,rapidocr,classical,0.355825,0.336937,0.470270,0.620290,-0.114446,1734,1628
xfund_train_pt_train_11,surya,classical,0.408881,0.377177,0.085886,0.933687,0.322995,1734,1836
xfund_train_pt_train_11,tesseract,classical,0.528258,0.470871,0.213814,0.728261,0.314445,1734,1663
xfund_train_pt_train_12,doctr,classical,0.105836,0.097149,0.085026,0.769048,0.020809,6066,6095
xfund_train_pt_train_12,easyocr,classical,0.131553,0.111491,0.132150,0.753117,-0.000597,6066,6036
xfund_train_pt_train_12,glm_ocr,VLM,0.484833,0.479426,0.472085,0.734059,0.012749,6066,3243
xfund_train_pt_train_12,lighton_ocr,VLM,0.449060,0.440840,0.438279,0.762195,0.010781,6066,3466
xfund_train_pt_train_12,rapidocr,classical,0.319156,0.299300,0.613454,0.440443,-0.294298,6066,4591
xfund_train_pt_train_12,surya,classical,0.129410,0.120027,0.038586,0.967822,0.090824,6066,6185
xfund_train_pt_train_12,tesseract,classical,0.117705,0.101076,0.101759,0.770574,0.015947,6066,6148
xfund_train_pt_train_13,doctr,classical,0.262450,0.248596,0.051264,0.828947,0.211185,1486,1487
xfund_train_pt_train_13,easyocr,classical,0.259758,0.211376,0.173455,0.788274,0.086303,1486,1464
xfund_train_pt_train_13,glm_ocr,VLM,0.287349,0.262640,0.094803,0.950704,0.192545,1486,1409
xfund_train_pt_train_13,lighton_ocr,VLM,1.226783,0.938904,0.787921,0.674074,0.438862,1486,2439
xfund_train_pt_train_13,rapidocr,classical,0.386272,0.349719,0.443118,0.630435,-0.056846,1486,1286
xfund_train_pt_train_13,surya,classical,0.312921,0.298455,0.000702,0.996633,0.312218,1486,1485
xfund_train_pt_train_13,tesseract,classical,0.312921,0.273876,0.112360,0.797386,0.200561,1486,1521
xfund_train_pt_train_14,doctr,classical,0.583630,0.557246,0.023188,0.880829,0.560441,1405,1406
xfund_train_pt_train_14,easyocr,classical,0.580071,0.542754,0.079710,0.793651,0.500361,1405,1401
xfund_train_pt_train_14,glm_ocr,VLM,0.352313,0.317391,0.024638,0.983957,0.327675,1405,1378
xfund_train_pt_train_14,lighton_ocr,VLM,0.802847,0.618116,0.295652,0.917874,0.507195,1405,2058
xfund_train_pt_train_14,rapidocr,classical,0.594306,0.565942,0.161594,0.765306,0.432712,1405,1380
xfund_train_pt_train_14,surya,classical,0.568683,0.548551,0.000000,1.000000,0.568683,1405,1406
xfund_train_pt_train_14,tesseract,classical,0.343060,0.311594,0.040580,0.846939,0.302481,1405,1452
xfund_train_pt_train_15,doctr,classical,0.568602,0.512846,0.125494,0.799020,0.443108,2274,2246
xfund_train_pt_train_15,easyocr,classical,0.554969,0.496047,0.175395,0.733167,0.379574,2274,2127
xfund_train_pt_train_15,glm_ocr,VLM,0.556728,0.480237,0.057312,0.938776,0.499416,2274,2359
xfund_train_pt_train_15,lighton_ocr,VLM,0.632366,0.508893,0.334980,0.869565,0.297386,2274,2311
xfund_train_pt_train_15,rapidocr,classical,0.640721,0.554842,0.570652,0.547425,0.070069,2274,2053
xfund_train_pt_train_15,surya,classical,0.588391,0.506423,0.061759,0.935401,0.526632,2274,2349
xfund_train_pt_train_15,tesseract,classical,0.857960,0.781621,0.521739,0.641084,0.336220,2274,2972
xfund_train_pt_train_16,doctr,classical,0.345120,0.283806,0.096828,0.848214,0.248292,1414,1374
xfund_train_pt_train_16,easyocr,classical,0.450495,0.380634,0.176962,0.732143,0.273533,1414,1278
xfund_train_pt_train_16,glm_ocr,VLM,0.376945,0.287980,0.048414,0.933962,0.328531,1414,1387
xfund_train_pt_train_16,lighton_ocr,VLM,0.838755,0.539232,0.292988,0.892704,0.545767,1414,2141
xfund_train_pt_train_16,rapidocr,classical,0.434229,0.342237,0.568447,0.626263,-0.134218,1414,1282
xfund_train_pt_train_16,surya,classical,0.478784,0.358097,0.122705,0.934579,0.356079,1414,1484
xfund_train_pt_train_16,tesseract,classical,0.878359,0.803840,0.617696,0.609756,0.260663,1414,1855
xfund_train_pt_train_17,doctr,classical,0.174927,0.171171,0.046046,0.835681,0.128881,1029,1026
xfund_train_pt_train_17,easyocr,classical,0.235180,0.217217,0.107107,0.794258,0.128073,1029,1023
xfund_train_pt_train_17,glm_ocr,VLM,0.170068,0.153153,0.006006,0.995215,0.164062,1029,1037
xfund_train_pt_train_17,lighton_ocr,VLM,0.704568,0.500501,0.363363,0.928571,0.341204,1029,1602
xfund_train_pt_train_17,rapidocr,classical,0.218659,0.212212,0.432432,0.636364,-0.213774,1029,975
xfund_train_pt_train_17,surya,classical,0.176871,0.160160,0.013013,0.985782,0.163858,1029,1030
xfund_train_pt_train_17,tesseract,classical,0.210884,0.190190,0.078078,0.790698,0.132806,1029,1054
xfund_train_pt_train_18,doctr,classical,0.093584,0.080270,0.078431,0.877076,0.015153,1699,1684
xfund_train_pt_train_18,easyocr,classical,0.171277,0.132353,0.150123,0.785235,0.021155,1699,1648
xfund_train_pt_train_18,glm_ocr,VLM,0.133019,0.109069,0.021446,0.989831,0.111573,1699,1681
xfund_train_pt_train_18,lighton_ocr,VLM,1.001177,0.759191,0.701593,0.759322,0.299584,1699,2827
xfund_train_pt_train_18,rapidocr,classical,0.226015,0.207721,0.480392,0.607407,-0.254377,1699,1503
xfund_train_pt_train_18,surya,classical,0.113596,0.100490,0.018382,0.989899,0.095214,1699,1708
xfund_train_pt_train_18,tesseract,classical,0.140671,0.113971,0.123162,0.833876,0.017509,1699,1683
xfund_train_pt_train_19,doctr,classical,0.120358,0.101288,0.069614,0.846154,0.050744,3016,2985
xfund_train_pt_train_19,easyocr,classical,0.151525,0.122172,0.103376,0.814969,0.048149,3016,2954
xfund_train_pt_train_19,glm_ocr,VLM,0.106764,0.084581,0.020884,0.974895,0.085880,3016,2994
xfund_train_pt_train_19,lighton_ocr,VLM,0.482427,0.401671,0.305952,0.883227,0.176475,3016,3084
xfund_train_pt_train_19,rapidocr,classical,0.222812,0.190045,0.651236,0.372796,-0.428424,3016,2656
xfund_train_pt_train_19,surya,classical,0.110411,0.092934,0.060216,0.962810,0.050195,3016,3069
xfund_train_pt_train_19,tesseract,classical,0.148541,0.122868,0.109293,0.804082,0.039248,3016,3063
xfund_train_pt_train_2,doctr,classical,0.049041,0.045556,0.079276,0.770642,-0.030235,4588,4579
xfund_train_pt_train_2,easyocr,classical,0.084568,0.063198,0.112550,0.775895,-0.027982,4588,4567
xfund_train_pt_train_2,lighton_ocr,VLM,0.321709,0.295221,0.288522,0.863830,0.033187,4588,3552
xfund_train_pt_train_2,rapidocr,classical,0.441151,0.433006,0.584413,0.433790,-0.143262,4588,2694
xfund_train_pt_train_2,surya,classical,0.046643,0.046003,0.013622,0.982726,0.033021,4588,4547
xfund_train_pt_train_2,tesseract,classical,0.059285,0.052702,0.094462,0.782931,-0.035177,4588,4572
xfund_train_pt_train_20,doctr,classical,0.292533,0.276321,0.066559,0.848948,0.225974,2598,2589
xfund_train_pt_train_20,easyocr,classical,0.321401,0.292053,0.127067,0.835938,0.194334,2598,2539
xfund_train_pt_train_20,glm_ocr,VLM,0.331409,0.286406,0.048407,0.968992,0.283002,2598,2698
xfund_train_pt_train_20,lighton_ocr,VLM,0.340647,0.279952,0.036708,0.966990,0.303938,2598,2745
xfund_train_pt_train_20,rapidocr,classical,0.349885,0.330779,0.636144,0.387909,-0.286259,2598,2273
xfund_train_pt_train_20,surya,classical,0.334873,0.309802,0.075434,0.963532,0.259439,2598,2684
xfund_train_pt_train_20,tesseract,classical,0.336413,0.295280,0.144010,0.858779,0.192403,2598,2651
xfund_train_pt_train_21,doctr,classical,0.244065,0.230135,0.129245,0.739669,0.114820,3159,3157
xfund_train_pt_train_21,easyocr,classical,0.267173,0.246621,0.134850,0.746725,0.132323,3159,3115
xfund_train_pt_train_21,glm_ocr,VLM,0.243748,0.227168,0.096274,0.940639,0.147474,3159,2892
xfund_train_pt_train_21,lighton_ocr,VLM,0.477999,0.392681,0.345532,0.857809,0.132467,3159,2908
xfund_train_pt_train_21,rapidocr,classical,0.297879,0.276294,0.492252,0.498824,-0.194373,3159,2868
xfund_train_pt_train_21,surya,classical,0.284584,0.277283,0.014507,0.975824,0.270077,3159,3136
xfund_train_pt_train_21,tesseract,classical,0.297246,0.261128,0.151665,0.733051,0.145581,3159,3258
xfund_train_pt_train_22,doctr,classical,0.228291,0.216123,0.149800,0.743750,0.078491,1831,1783
xfund_train_pt_train_22,easyocr,classical,0.228837,0.197827,0.162950,0.722741,0.065886,1831,1803
xfund_train_pt_train_22,glm_ocr,VLM,0.223375,0.197827,0.050314,0.968153,0.173061,1831,1770
xfund_train_pt_train_22,lighton_ocr,VLM,0.668487,0.488851,0.371641,0.869822,0.296846,1831,2594
xfund_train_pt_train_22,rapidocr,classical,0.310213,0.297885,0.412807,0.563574,-0.102594,1831,1585
xfund_train_pt_train_22,surya,classical,0.189514,0.172670,0.028016,0.977918,0.161498,1831,1796
xfund_train_pt_train_22,tesseract,classical,0.251775,0.212121,0.128645,0.710843,0.123130,1831,1890
xfund_train_pt_train_23,doctr,classical,0.278729,0.269708,0.093796,0.766595,0.184933,2863,2848
xfund_train_pt_train_23,easyocr,classical,0.308767,0.286131,0.174088,0.726477,0.134679,2863,2807
xfund_train_pt_train_23,glm_ocr,VLM,0.273489,0.251825,0.021898,0.981982,0.251592,2863,2821
xfund_train_pt_train_23,lighton_ocr,VLM,0.346839,0.254745,0.035036,0.982222,0.311802,2863,3168
xfund_train_pt_train_23,rapidocr,classical,0.362207,0.348175,0.498175,0.534005,-0.135968,2863,2587
xfund_train_pt_train_23,surya,classical,0.282571,0.264964,0.010219,0.982301,0.272352,2863,2866
xfund_train_pt_train_23,tesseract,classical,0.297939,0.282117,0.122993,0.747346,0.174947,2863,2928
xfund_train_pt_train_24,doctr,classical,0.109283,0.098134,0.082480,0.785992,0.026803,1702,1692
xfund_train_pt_train_24,easyocr,classical,0.117509,0.101144,0.094521,0.757812,0.022987,1702,1680
xfund_train_pt_train_24,glm_ocr,VLM,0.079906,0.058399,0.037327,0.968000,0.042579,1702,1665
xfund_train_pt_train_24,lighton_ocr,VLM,0.416569,0.251656,0.233594,0.888112,0.182975,1702,2359
xfund_train_pt_train_24,rapidocr,classical,0.328437,0.308850,0.620710,0.403756,-0.292273,1702,1357
xfund_train_pt_train_24,surya,classical,0.136898,0.132450,0.007225,0.984375,0.129673,1702,1703
xfund_train_pt_train_24,tesseract,classical,0.233843,0.204094,0.101746,0.751880,0.132097,1702,1776
xfund_train_pt_train_25,doctr,classical,0.481855,0.471074,0.243802,0.653846,0.238053,992,1046
xfund_train_pt_train_25,easyocr,classical,0.596774,0.525826,0.339876,0.549020,0.256898,992,1119
xfund_train_pt_train_25,glm_ocr,VLM,0.512097,0.473140,0.237603,0.849462,0.274493,992,1078
xfund_train_pt_train_25,lighton_ocr,VLM,0.762097,0.493802,0.282025,0.812500,0.480072,992,1426
xfund_train_pt_train_25,rapidocr,classical,0.451613,0.429752,0.367769,0.687831,0.083844,992,934
xfund_train_pt_train_25,surya,classical,0.568548,0.516529,0.204545,0.833333,0.364003,992,1078
xfund_train_pt_train_25,tesseract,classical,0.575605,0.475207,0.348140,0.545455,0.227464,992,1115
xfund_train_pt_train_26,doctr,classical,0.097677,0.087573,0.070939,0.842391,0.026737,2109,2105
xfund_train_pt_train_26,easyocr,classical,0.128497,0.105675,0.118395,0.786885,0.010102,2109,2098
xfund_train_pt_train_26,glm_ocr,VLM,0.096254,0.077789,0.016145,0.980822,0.080109,2109,2113
xfund_train_pt_train_26,lighton_ocr,VLM,0.596965,0.447652,0.433464,0.833333,0.163502,2109,2752
xfund_train_pt_train_26,rapidocr,classical,0.344239,0.324853,0.521526,0.506410,-0.177287,2109,1584
xfund_train_pt_train_26,surya,classical,0.106686,0.100783,0.010274,0.986301,0.096412,2109,2099
xfund_train_pt_train_26,tesseract,classical,0.138454,0.116438,0.108611,0.789041,0.029844,2109,2076
xfund_train_pt_train_27,doctr,classical,0.230943,0.213562,0.063913,0.885135,0.167031,1325,1317
xfund_train_pt_train_27,easyocr,classical,0.290566,0.255651,0.130164,0.842466,0.160402,1325,1320
xfund_train_pt_train_27,glm_ocr,VLM,0.189434,0.150429,0.001559,0.986207,0.187875,1325,1351
xfund_train_pt_train_27,lighton_ocr,VLM,0.520000,0.357755,0.240062,0.976271,0.279938,1325,1823
xfund_train_pt_train_27,rapidocr,classical,0.310943,0.285269,0.523772,0.582677,-0.212829,1325,1218
xfund_train_pt_train_27,surya,classical,0.268679,0.247077,0.000779,0.993103,0.267900,1325,1322
xfund_train_pt_train_27,tesseract,classical,0.280000,0.241621,0.110678,0.857143,0.169322,1325,1369
xfund_train_pt_train_28,doctr,classical,0.472109,0.450360,0.056115,0.879518,0.415994,735,734
xfund_train_pt_train_28,easyocr,classical,0.507483,0.458993,0.058993,0.879518,0.448490,735,734
xfund_train_pt_train_28,glm_ocr,VLM,0.455782,0.430216,0.000000,1.000000,0.455782,735,740
xfund_train_pt_train_28,lighton_ocr,VLM,0.527891,0.430216,0.000000,1.000000,0.527891,735,796
xfund_train_pt_train_28,rapidocr,classical,0.496599,0.490647,0.305036,0.709677,0.191563,735,698
xfund_train_pt_train_28,surya,classical,0.450340,0.430216,0.000000,1.000000,0.450340,735,736
xfund_train_pt_train_28,tesseract,classical,0.491156,0.460432,0.060432,0.874251,0.430725,735,748
xfund_train_pt_train_29,doctr,classical,0.056258,0.046102,0.022213,0.857143,0.034045,2453,2450
xfund_train_pt_train_29,easyocr,classical,0.128414,0.107293,0.080469,0.788155,0.047945,2453,2441
xfund_train_pt_train_29,glm_ocr,VLM,0.029352,0.013412,0.016764,0.990741,0.012587,2453,2431
xfund_train_pt_train_29,lighton_ocr,VLM,0.146759,0.072506,0.074183,0.966592,0.072576,2453,2772
xfund_train_pt_train_29,rapidocr,classical,0.211170,0.194468,0.672255,0.348083,-0.461085,2453,2096
xfund_train_pt_train_29,surya,classical,0.059927,0.051132,0.003772,0.997701,0.056155,2453,2453
xfund_train_pt_train_29,tesseract,classical,0.094578,0.072506,0.075021,0.773034,0.019557,2453,2485
xfund_train_pt_train_3,doctr,classical,0.455385,0.427386,0.105394,0.768000,0.349990,1300,1268
xfund_train_pt_train_3,easyocr,classical,0.400769,0.356017,0.118672,0.764228,0.282097,1300,1238
xfund_train_pt_train_3,lighton_ocr,VLM,1.079231,0.809959,0.563485,0.834532,0.515745,1300,2288
xfund_train_pt_train_3,rapidocr,classical,0.521538,0.475519,0.498755,0.486726,0.022783,1300,1115
xfund_train_pt_train_3,surya,classical,0.436923,0.416598,0.029046,0.967480,0.407877,1300,1251
xfund_train_pt_train_3,tesseract,classical,0.460769,0.424896,0.129461,0.713178,0.331309,1300,1353
xfund_train_pt_train_30,doctr,classical,0.220567,0.210450,0.132075,0.766667,0.088492,1410,1400
xfund_train_pt_train_30,easyocr,classical,0.299291,0.269231,0.200290,0.713333,0.099001,1410,1385
xfund_train_pt_train_30,glm_ocr,VLM,0.245390,0.214078,0.052975,0.927835,0.192415,1410,1403
xfund_train_pt_train_30,lighton_ocr,VLM,0.880851,0.554427,0.560958,0.861111,0.319893,1410,2239
xfund_train_pt_train_30,rapidocr,classical,0.290780,0.270682,0.494920,0.484615,-0.204140,1410,1308
xfund_train_pt_train_30,surya,classical,0.324113,0.297533,0.055152,0.925676,0.268961,1410,1416
xfund_train_pt_train_30,tesseract,classical,0.571631,0.577649,0.583454,0.515837,-0.011823,1410,652
xfund_train_pt_train_31,doctr,classical,0.331992,0.303241,0.092593,0.836066,0.239399,497,468
xfund_train_pt_train_31,easyocr,classical,0.368209,0.300926,0.120370,0.809917,0.247839,497,452
xfund_train_pt_train_31,glm_ocr,VLM,0.404427,0.344907,0.027778,0.959350,0.376649,497,498
xfund_train_pt_train_31,lighton_ocr,VLM,0.855131,0.849537,0.664352,0.944882,0.190779,497,782
xfund_train_pt_train_31,rapidocr,classical,0.424547,0.393519,0.203704,0.783333,0.220844,497,460
xfund_train_pt_train_31,surya,classical,0.420523,0.368056,0.090278,0.944882,0.330245,497,516
xfund_train_pt_train_31,tesseract,classical,0.476861,0.414352,0.206019,0.770492,0.270843,497,464
xfund_train_pt_train_32,doctr,classical,0.195102,0.195057,0.120035,0.785388,0.075067,1225,1169
xfund_train_pt_train_32,easyocr,classical,0.263673,0.212710,0.157105,0.720000,0.106568,1225,1174
xfund_train_pt_train_32,glm_ocr,VLM,0.201633,0.201236,0.091792,0.962617,0.109841,1225,1141
xfund_train_pt_train_32,lighton_ocr,VLM,0.674286,0.517211,0.443071,0.842105,0.231214,1225,1887
xfund_train_pt_train_32,rapidocr,classical,0.391837,0.353928,0.440424,0.610837,-0.048587,1225,962
xfund_train_pt_train_32,surya,classical,0.215510,0.172109,0.056487,0.972973,0.159023,1225,1197
xfund_train_pt_train_32,tesseract,classical,0.228571,0.221536,0.159753,0.768519,0.068819,1225,1169
xfund_train_pt_train_33,doctr,classical,0.138889,0.131017,0.138552,0.736842,0.000337,2448,2372
xfund_train_pt_train_33,easyocr,classical,0.271650,0.239849,0.174550,0.710526,0.097100,2448,2355
xfund_train_pt_train_33,glm_ocr,VLM,0.183007,0.161992,0.056509,0.961969,0.126498,2448,2378
xfund_train_pt_train_33,lighton_ocr,VLM,0.921569,0.753872,0.642110,0.520833,0.279459,2448,2554
xfund_train_pt_train_33,rapidocr,classical,0.279412,0.256174,0.647133,0.299465,-0.367721,2448,2166
xfund_train_pt_train_33,surya,classical,0.212010,0.196316,0.018418,0.977876,0.193592,2448,2432
xfund_train_pt_train_33,tesseract,classical,0.214869,0.191712,0.162830,0.755459,0.052040,2448,2372
xfund_train_pt_train_34,doctr,classical,0.624300,0.591392,0.079599,0.848485,0.544701,1786,1824
xfund_train_pt_train_34,easyocr,classical,0.562710,0.542453,0.094929,0.802292,0.467781,1786,1764
xfund_train_pt_train_34,glm_ocr,VLM,0.470885,0.373821,0.067217,0.959302,0.403668,1786,1850
xfund_train_pt_train_34,lighton_ocr,VLM,1.025196,0.825472,0.451651,0.878947,0.573545,1786,2703
xfund_train_pt_train_34,rapidocr,classical,0.624860,0.583726,0.275943,0.700000,0.348917,1786,1718
xfund_train_pt_train_34,surya,classical,0.664054,0.597288,0.050708,0.971751,0.613346,1786,1937
xfund_train_pt_train_34,tesseract,classical,0.656215,0.595519,0.196934,0.752632,0.459281,1786,1918
xfund_train_pt_train_35,doctr,classical,0.226401,0.213415,0.087652,0.810959,0.138749,2712,2719
xfund_train_pt_train_35,easyocr,classical,0.271386,0.238567,0.134146,0.783562,0.137240,2712,2683
xfund_train_pt_train_35,glm_ocr,VLM,0.357670,0.331174,0.112424,0.988701,0.245246,2712,2417
xfund_train_pt_train_35,lighton_ocr,VLM,0.597714,0.513720,0.572027,0.905325,0.025686,2712,2267
xfund_train_pt_train_35,rapidocr,classical,0.336283,0.327363,0.558308,0.504854,-0.222025,2712,2330
xfund_train_pt_train_35,surya,classical,0.236357,0.229802,0.017530,0.985915,0.218826,2712,2689
xfund_train_pt_train_35,tesseract,classical,0.325959,0.309451,0.221799,0.763736,0.104160,2712,2353
xfund_train_pt_train_36,doctr,classical,0.209607,0.201635,0.077203,0.816667,0.132404,1145,1145
xfund_train_pt_train_36,easyocr,classical,0.241921,0.207993,0.086285,0.784810,0.155636,1145,1132
xfund_train_pt_train_36,glm_ocr,VLM,0.195633,0.181653,0.043597,0.970213,0.152036,1145,1122
xfund_train_pt_train_36,lighton_ocr,VLM,0.855022,0.589464,0.478656,0.895753,0.376366,1145,1990
xfund_train_pt_train_36,rapidocr,classical,0.251528,0.242507,0.405995,0.681614,-0.154466,1145,1087
xfund_train_pt_train_36,surya,classical,0.206114,0.190736,0.024523,0.975000,0.181590,1145,1165
xfund_train_pt_train_36,tesseract,classical,0.238428,0.206176,0.119891,0.796680,0.118537,1145,1162
xfund_train_pt_train_37,doctr,classical,0.302708,0.284545,0.079836,0.828685,0.222872,1034,1023
xfund_train_pt_train_37,easyocr,classical,0.358801,0.300921,0.170931,0.752941,0.187869,1034,1017
xfund_train_pt_train_37,glm_ocr,VLM,0.300774,0.275333,0.146366,0.936709,0.154407,1034,899
xfund_train_pt_train_37,lighton_ocr,VLM,1.194391,0.811668,0.683726,0.901099,0.510665,1034,2097
xfund_train_pt_train_37,rapidocr,classical,0.351064,0.327533,0.340839,0.686695,0.010225,1034,985
xfund_train_pt_train_37,surya,classical,0.280464,0.258956,0.044012,0.971660,0.236452,1034,995
xfund_train_pt_train_37,tesseract,classical,0.425532,0.345957,0.269191,0.702703,0.156341,1034,1073
xfund_train_pt_train_38,doctr,classical,0.433350,0.426924,0.368263,0.547297,0.065087,4096,3866
xfund_train_pt_train_38,easyocr,classical,0.376221,0.357734,0.284532,0.664234,0.091688,4096,4234
xfund_train_pt_train_38,glm_ocr,VLM,0.714844,0.695914,0.618200,0.521303,0.096644,4096,1948
xfund_train_pt_train_38,lighton_ocr,VLM,0.734375,0.702181,0.671096,0.487562,0.063279,4096,2088
xfund_train_pt_train_38,rapidocr,classical,0.401367,0.385310,0.630484,0.466281,-0.229117,4096,3572
xfund_train_pt_train_38,surya,classical,0.413818,0.409877,0.206568,0.900735,0.207250,4096,4030
xfund_train_pt_train_38,tesseract,classical,0.348877,0.324392,0.220356,0.703947,0.128521,4096,4253
xfund_train_pt_train_39,doctr,classical,0.146129,0.132107,0.089632,0.808247,0.056497,3100,3063
xfund_train_pt_train_39,easyocr,classical,0.183548,0.158863,0.085953,0.787368,0.097595,3100,3065
xfund_train_pt_train_39,glm_ocr,VLM,0.144516,0.131104,0.051839,0.989384,0.092677,3100,2960
xfund_train_pt_train_39,lighton_ocr,VLM,0.252581,0.167559,0.068562,0.936082,0.184019,3100,3382
xfund_train_pt_train_39,rapidocr,classical,0.413871,0.402007,0.483612,0.496314,-0.069741,3100,2175
xfund_train_pt_train_39,surya,classical,0.133871,0.118729,0.012040,0.983193,0.121831,3100,3087
xfund_train_pt_train_39,tesseract,classical,0.167097,0.152508,0.090970,0.790890,0.076127,3100,3141
xfund_train_pt_train_4,doctr,classical,0.387184,0.373304,0.209914,0.624658,0.177270,3683,3807
xfund_train_pt_train_4,easyocr,classical,0.377138,0.345057,0.142897,0.738562,0.234241,3683,3813
xfund_train_pt_train_4,lighton_ocr,VLM,0.672821,0.622819,0.694821,0.823105,-0.022000,3683,2374
xfund_train_pt_train_4,rapidocr,classical,0.404290,0.382719,0.285793,0.640244,0.118497,3683,3425
xfund_train_pt_train_4,surya,classical,0.394244,0.372750,0.051509,0.893333,0.342735,3683,3704
xfund_train_pt_train_4,tesseract,classical,0.319848,0.297148,0.167821,0.670769,0.152027,3683,3451
xfund_train_pt_train_40,doctr,classical,0.436823,0.420546,0.222579,0.659574,0.214244,1939,1931
xfund_train_pt_train_40,easyocr,classical,0.401238,0.367576,0.152488,0.782369,0.248750,1939,1912
xfund_train_pt_train_40,glm_ocr,VLM,0.376483,0.357410,0.070626,0.954802,0.305857,1939,1883
xfund_train_pt_train_40,lighton_ocr,VLM,0.661681,0.495452,0.258962,0.931507,0.402719,1939,2577
xfund_train_pt_train_40,rapidocr,classical,0.486849,0.465490,0.450508,0.590361,0.036341,1939,1787
xfund_train_pt_train_40,surya,classical,0.450748,0.432852,0.039593,0.969359,0.411154,1939,1940
xfund_train_pt_train_40,tesseract,classical,0.453842,0.418941,0.161049,0.777174,0.292793,1939,1933
xfund_train_pt_train_41,doctr,classical,0.340462,0.329684,0.077251,0.878873,0.263212,1730,1713
xfund_train_pt_train_41,easyocr,classical,0.386127,0.361922,0.179440,0.770950,0.206687,1730,1715
xfund_train_pt_train_41,glm_ocr,VLM,0.339884,0.324818,0.046229,0.974359,0.293656,1730,1710
xfund_train_pt_train_41,lighton_ocr,VLM,0.352601,0.316910,0.041363,0.974504,0.311239,1730,1757
xfund_train_pt_train_41,rapidocr,classical,0.454913,0.448905,0.476277,0.654655,-0.021364,1730,1525
xfund_train_pt_train_41,surya,classical,0.368786,0.348540,0.042579,0.974504,0.326207,1730,1712
xfund_train_pt_train_41,tesseract,classical,0.383815,0.360706,0.150852,0.795640,0.232963,1730,1776
xfund_train_pt_train_42,doctr,classical,0.122995,0.105003,0.059296,0.854430,0.063699,1683,1663
xfund_train_pt_train_42,easyocr,classical,0.149138,0.120445,0.113650,0.796178,0.035488,1683,1668
xfund_train_pt_train_42,glm_ocr,VLM,0.096851,0.085855,0.002471,0.993590,0.094380,1683,1692
xfund_train_pt_train_42,lighton_ocr,VLM,0.247772,0.167387,0.126004,0.939759,0.121768,1683,2003
xfund_train_pt_train_42,rapidocr,classical,0.227570,0.203830,0.453984,0.692557,-0.226414,1683,1496
xfund_train_pt_train_42,surya,classical,0.153892,0.142063,0.002471,0.996805,0.151421,1683,1682
xfund_train_pt_train_42,tesseract,classical,0.137849,0.117974,0.080296,0.794953,0.057553,1683,1711
xfund_train_pt_train_43,doctr,classical,0.108902,0.105315,0.139764,0.790123,-0.030862,1056,1007
xfund_train_pt_train_43,easyocr,classical,0.141098,0.126969,0.162402,0.731707,-0.021303,1056,1003
xfund_train_pt_train_43,glm_ocr,VLM,0.317235,0.269685,0.121063,0.939130,0.196172,1056,958
xfund_train_pt_train_43,lighton_ocr,VLM,0.458333,0.265748,0.096457,0.939759,0.361877,1056,1233
xfund_train_pt_train_43,rapidocr,classical,0.171402,0.151575,0.414370,0.640351,-0.242969,1056,953
xfund_train_pt_train_43,surya,classical,0.339962,0.334646,0.250000,0.959016,0.089962,1056,1228
xfund_train_pt_train_43,tesseract,classical,0.285038,0.254921,0.251969,0.663830,0.033069,1056,939
xfund_train_pt_train_44,doctr,classical,0.188506,0.179669,0.094563,0.750000,0.093943,435,434
xfund_train_pt_train_44,easyocr,classical,0.213793,0.191489,0.163121,0.704762,0.050673,435,426
xfund_train_pt_train_44,glm_ocr,VLM,0.291954,0.262411,0.170213,0.843137,0.121741,435,406
xfund_train_pt_train_44,lighton_ocr,VLM,1.402299,0.952719,0.881797,0.712121,0.520502,435,982
xfund_train_pt_train_44,rapidocr,classical,0.241379,0.231678,0.465721,0.471910,-0.224342,435,394
xfund_train_pt_train_44,surya,classical,0.305747,0.300236,0.130024,0.842105,0.175723,435,444
xfund_train_pt_train_44,tesseract,classical,0.245977,0.196217,0.139480,0.698113,0.106497,435,443
xfund_train_pt_train_45,doctr,classical,0.701267,0.657143,0.038596,0.909091,0.662671,2052,2050
xfund_train_pt_train_45,easyocr,classical,0.529727,0.489724,0.116291,0.831579,0.413436,2052,2047
xfund_train_pt_train_45,glm_ocr,VLM,0.540448,0.483208,0.031078,0.986376,0.509371,2052,2013
xfund_train_pt_train_45,lighton_ocr,VLM,0.809454,0.703759,0.605013,0.664311,0.204442,2052,1744
xfund_train_pt_train_45,rapidocr,classical,0.719298,0.682206,0.493233,0.601190,0.226065,2052,1889
xfund_train_pt_train_45,surya,classical,0.706628,0.661153,0.008521,0.994624,0.698106,2052,2055
xfund_train_pt_train_45,tesseract,classical,0.584795,0.518296,0.153885,0.838542,0.430911,2052,2048
xfund_train_pt_train_46,doctr,classical,0.624788,0.585689,0.092756,0.800000,0.532032,1178,1173
xfund_train_pt_train_46,easyocr,classical,0.601019,0.538869,0.132509,0.775862,0.468510,1178,1147
xfund_train_pt_train_46,glm_ocr,VLM,0.554329,0.499117,0.006184,0.987013,0.548146,1178,1199
xfund_train_pt_train_46,lighton_ocr,VLM,1.173175,0.858657,0.527385,0.925620,0.645790,1178,2070
xfund_train_pt_train_46,rapidocr,classical,0.655348,0.615724,0.390459,0.645740,0.264889,1178,1120
xfund_train_pt_train_46,surya,classical,0.611205,0.572438,0.013251,0.982609,0.597955,1178,1168
xfund_train_pt_train_46,tesseract,classical,0.621392,0.560071,0.108657,0.745763,0.512735,1178,1214
xfund_train_pt_train_47,doctr,classical,0.382510,0.380062,0.132399,0.767677,0.250111,1315,1349
xfund_train_pt_train_47,easyocr,classical,0.406844,0.390187,0.175234,0.732203,0.231610,1315,1323
xfund_train_pt_train_47,glm_ocr,VLM,0.380228,0.354361,0.097352,0.892617,0.282876,1315,1361
xfund_train_pt_train_47,lighton_ocr,VLM,0.492776,0.355919,0.080997,0.896321,0.411779,1315,1539
xfund_train_pt_train_47,rapidocr,classical,0.460076,0.446262,0.497664,0.637993,-0.037588,1315,1176
xfund_train_pt_train_47,surya,classical,0.396198,0.383956,0.080218,0.912162,0.315980,1315,1373
xfund_train_pt_train_47,tesseract,classical,0.498859,0.432243,0.280374,0.662577,0.218485,1315,1411
xfund_train_pt_train_48,doctr,classical,0.118850,0.113703,0.042566,0.879552,0.076285,1809,1810
xfund_train_pt_train_48,easyocr,classical,0.189055,0.160933,0.102041,0.812325,0.087014,1809,1784
xfund_train_pt_train_48,glm_ocr,VLM,0.177446,0.160350,0.062974,0.944928,0.114472,1809,1728
xfund_train_pt_train_48,lighton_ocr,VLM,0.314538,0.229155,0.121283,0.920635,0.193256,1809,2133
xfund_train_pt_train_48,rapidocr,classical,0.243781,0.218076,0.604665,0.437908,-0.360884,1809,1649
xfund_train_pt_train_48,surya,classical,0.126589,0.118950,0.016910,0.974648,0.109680,1809,1808
xfund_train_pt_train_48,tesseract,classical,0.196794,0.170262,0.145773,0.770083,0.051021,1809,1893
xfund_train_pt_train_49,doctr,classical,0.222673,0.206170,0.083079,0.771574,0.139594,3449,3400
xfund_train_pt_train_49,easyocr,classical,0.262105,0.227245,0.175932,0.690722,0.086173,3449,3396
xfund_train_pt_train_49,glm_ocr,VLM,0.362134,0.342700,0.184178,0.925046,0.177956,3449,2835
xfund_train_pt_train_49,lighton_ocr,VLM,0.547405,0.485034,0.498778,0.780287,0.048627,3449,2539
xfund_train_pt_train_49,rapidocr,classical,0.278631,0.261454,0.293219,0.680776,-0.014588,3449,3196
xfund_train_pt_train_49,surya,classical,0.224413,0.200367,0.017715,0.984615,0.206698,3449,3412
xfund_train_pt_train_49,tesseract,classical,0.250797,0.221442,0.195785,0.663121,0.055012,3449,3155
xfund_train_pt_train_5,doctr,classical,0.344691,0.333883,0.150866,0.774704,0.193825,1262,1249
xfund_train_pt_train_5,easyocr,classical,0.393819,0.351195,0.276175,0.643411,0.117645,1262,1252
xfund_train_pt_train_5,lighton_ocr,VLM,0.973851,0.603462,0.505359,0.909774,0.468492,1262,2314
xfund_train_pt_train_5,rapidocr,classical,0.374802,0.346249,0.327288,0.669492,0.047514,1262,1212
xfund_train_pt_train_5,surya,classical,0.365293,0.345425,0.065128,0.947791,0.300165,1262,1238
xfund_train_pt_train_5,tesseract,classical,0.397781,0.358615,0.238252,0.739623,0.159529,1262,1328
xfund_train_pt_train_50,doctr,classical,0.578551,0.538000,0.083000,0.758294,0.495551,1063,1061
xfund_train_pt_train_50,easyocr,classical,0.590781,0.556000,0.111000,0.737864,0.479781,1063,1061
xfund_train_pt_train_50,glm_ocr,VLM,0.637817,0.543000,0.035000,0.964824,0.602817,1063,1036
xfund_train_pt_train_50,lighton_ocr,VLM,1.355597,0.971000,0.591000,0.923077,0.764597,1063,2079
xfund_train_pt_train_50,rapidocr,classical,0.567262,0.549000,0.297000,0.716418,0.270262,1063,1039
xfund_train_pt_train_50,surya,classical,0.581373,0.559000,0.003000,0.985507,0.578373,1063,1063
xfund_train_pt_train_50,tesseract,classical,0.836312,0.753000,0.090000,0.760563,0.746312,1063,1101
xfund_train_pt_train_51,doctr,classical,0.347653,0.332925,0.132761,0.800000,0.214892,2514,2484
xfund_train_pt_train_51,easyocr,classical,0.385442,0.335784,0.192402,0.777011,0.193040,2514,2494
xfund_train_pt_train_51,glm_ocr,VLM,0.458632,0.440768,0.201797,0.855615,0.256834,2514,2056
xfund_train_pt_train_51,lighton_ocr,VLM,0.807876,0.681781,0.580474,0.654867,0.227402,2514,2132
xfund_train_pt_train_51,rapidocr,classical,0.437152,0.412173,0.595180,0.388140,-0.158028,2514,2091
xfund_train_pt_train_51,surya,classical,0.387828,0.377859,0.056781,0.943925,0.331047,2514,2531
xfund_train_pt_train_51,tesseract,classical,0.369928,0.348448,0.246732,0.753056,0.123196,2514,2130
xfund_train_pt_train_52,doctr,classical,0.057658,0.050895,0.102733,0.716814,-0.045076,1110,1109
xfund_train_pt_train_52,easyocr,classical,0.091892,0.068803,0.176249,0.645740,-0.084357,1110,1096
xfund_train_pt_train_52,glm_ocr,VLM,0.035135,0.016965,0.003770,0.986547,0.031365,1110,1119
xfund_train_pt_train_52,lighton_ocr,VLM,0.225225,0.134779,0.121583,0.952381,0.103642,1110,1340
xfund_train_pt_train_52,rapidocr,classical,0.160360,0.141376,0.566447,0.383420,-0.406086,1110,1013
xfund_train_pt_train_52,surya,classical,0.017117,0.013195,0.000000,1.000000,0.017117,1110,1110
xfund_train_pt_train_52,tesseract,classical,0.103604,0.079171,0.163996,0.654867,-0.060393,1110,1138
xfund_train_pt_train_53,doctr,classical,0.183930,0.138965,0.111035,0.856250,0.072894,1593,1519
xfund_train_pt_train_53,easyocr,classical,0.205273,0.141008,0.104223,0.805031,0.101050,1593,1523
xfund_train_pt_train_53,glm_ocr,VLM,0.192090,0.136921,0.049046,0.968153,0.143044,1593,1563
xfund_train_pt_train_53,lighton_ocr,VLM,0.224105,0.123297,0.089237,0.944444,0.134868,1593,1669
xfund_train_pt_train_53,rapidocr,classical,0.271186,0.205041,0.536785,0.529412,-0.265598,1593,1390
xfund_train_pt_train_53,surya,classical,0.264909,0.160763,0.091962,0.944262,0.172947,1593,1608
xfund_train_pt_train_53,tesseract,classical,0.252982,0.199591,0.182561,0.802395,0.070420,1593,1648
xfund_train_pt_train_54,doctr,classical,0.233964,0.215243,0.047874,0.840691,0.186089,2697,2680
xfund_train_pt_train_54,easyocr,classical,0.221728,0.193029,0.110686,0.782443,0.111042,2697,2664
xfund_train_pt_train_54,glm_ocr,VLM,0.098257,0.083493,0.021448,0.980469,0.076810,2697,2646
xfund_train_pt_train_54,lighton_ocr,VLM,0.164627,0.112984,0.054002,0.974952,0.110625,2697,2880
xfund_train_pt_train_54,rapidocr,classical,0.342232,0.315588,0.474531,0.556962,-0.132299,2697,2334
xfund_train_pt_train_54,surya,classical,0.273637,0.256607,0.053619,0.968627,0.220018,2697,2553
xfund_train_pt_train_54,tesseract,classical,0.273637,0.246649,0.092302,0.796296,0.181336,2697,2736
xfund_train_pt_train_55,doctr,classical,0.194485,0.184250,0.065379,0.844720,0.129106,1378,1378
xfund_train_pt_train_55,easyocr,classical,0.228592,0.198366,0.153046,0.759494,0.075546,1378,1367
xfund_train_pt_train_55,glm_ocr,VLM,0.191582,0.159733,0.002229,0.990596,0.189353,1378,1398
xfund_train_pt_train_55,lighton_ocr,VLM,0.495646,0.312779,0.208024,0.954683,0.287622,1378,1877
xfund_train_pt_train_55,rapidocr,classical,0.290276,0.277117,0.588410,0.483019,-0.298134,1378,1234
xfund_train_pt_train_55,surya,classical,0.201016,0.183507,0.017088,0.990654,0.183928,1378,1385
xfund_train_pt_train_55,tesseract,classical,0.215530,0.179049,0.118871,0.806154,0.096659,1378,1404
xfund_train_pt_train_56,doctr,classical,0.331404,0.319332,0.074393,0.864000,0.257011,2073,2054
xfund_train_pt_train_56,easyocr,classical,0.422094,0.380567,0.144737,0.806452,0.277357,2073,2025
xfund_train_pt_train_56,glm_ocr,VLM,0.339604,0.301619,0.049089,0.951087,0.290515,2073,2047
xfund_train_pt_train_56,lighton_ocr,VLM,0.801737,0.643725,0.544028,0.872521,0.257708,2073,2140
xfund_train_pt_train_56,rapidocr,classical,0.405692,0.387146,0.352227,0.701370,0.053466,2073,1854
xfund_train_pt_train_56,surya,classical,0.353594,0.329960,0.037955,0.965333,0.315638,2073,2050
xfund_train_pt_train_56,tesseract,classical,0.432224,0.371457,0.126518,0.807292,0.305706,2073,2136
xfund_train_pt_train_57,doctr,classical,0.308749,0.290927,0.277004,0.707763,0.031745,2183,2209
xfund_train_pt_train_57,easyocr,classical,0.351809,0.288526,0.299568,0.662192,0.052242,2183,2162
xfund_train_pt_train_57,glm_ocr,VLM,0.340357,0.309169,0.189150,0.895735,0.151207,2183,2066
xfund_train_pt_train_57,lighton_ocr,VLM,0.898305,0.736438,0.618819,0.741688,0.279486,2183,2250
xfund_train_pt_train_57,rapidocr,classical,0.368301,0.348536,0.473356,0.526582,-0.105055,2183,1971
xfund_train_pt_train_57,surya,classical,0.340357,0.315410,0.164666,0.889930,0.175691,2183,2146
xfund_train_pt_train_57,tesseract,classical,0.341273,0.288526,0.233317,0.695455,0.107956,2183,2209
xfund_train_pt_train_58,doctr,classical,0.469570,0.430213,0.056924,0.852174,0.412646,2021,1893
xfund_train_pt_train_58,easyocr,classical,0.471054,0.426929,0.095238,0.852071,0.375816,2021,1844
xfund_train_pt_train_58,glm_ocr,VLM,0.460168,0.417077,0.065681,0.963855,0.394487,2021,1855
xfund_train_pt_train_58,lighton_ocr,VLM,0.852548,0.698413,0.581281,0.702341,0.271267,2021,2082
xfund_train_pt_train_58,rapidocr,classical,0.516081,0.464696,0.517789,0.555911,-0.001708,2021,1708
xfund_train_pt_train_58,surya,classical,0.507669,0.484948,0.024631,0.973451,0.483039,2021,1916
xfund_train_pt_train_58,tesseract,classical,0.539832,0.455391,0.160372,0.781870,0.379460,2021,2100
xfund_train_pt_train_59,doctr,classical,0.286889,0.272688,0.033595,0.822888,0.253294,2433,2407
xfund_train_pt_train_59,easyocr,classical,0.316482,0.283595,0.096422,0.777778,0.220059,2433,2374
xfund_train_pt_train_59,glm_ocr,VLM,0.394575,0.373473,0.098604,0.900901,0.295971,2433,2264
xfund_train_pt_train_59,lighton_ocr,VLM,0.428689,0.349476,0.282286,0.845070,0.146403,2433,2654
xfund_train_pt_train_59,rapidocr,classical,0.365393,0.346422,0.321117,0.654867,0.044276,2433,2202
xfund_train_pt_train_59,surya,classical,0.309905,0.299738,0.010035,0.991643,0.299871,2433,2451
xfund_train_pt_train_59,tesseract,classical,0.374846,0.347295,0.086824,0.795640,0.288022,2433,2466
xfund_train_pt_train_6,doctr,classical,0.449302,0.437111,0.067432,0.829897,0.381870,2150,2131
xfund_train_pt_train_6,easyocr,classical,0.499535,0.478240,0.115256,0.824742,0.384279,2150,2123
xfund_train_pt_train_6,lighton_ocr,VLM,0.675814,0.625060,0.067432,0.961832,0.608382,2150,2346
xfund_train_pt_train_6,rapidocr,classical,0.515349,0.501196,0.584409,0.488372,-0.069061,2150,1966
xfund_train_pt_train_6,surya,classical,0.438140,0.427547,0.017217,0.982097,0.420923,2150,2147
xfund_train_pt_train_6,tesseract,classical,0.637674,0.625060,0.100430,0.820253,0.537244,2150,2197
xfund_train_pt_train_60,doctr,classical,0.142352,0.134554,0.041190,0.846154,0.101162,2262,2238
xfund_train_pt_train_60,easyocr,classical,0.178603,0.150572,0.099314,0.766067,0.079290,2262,2216
xfund_train_pt_train_60,glm_ocr,VLM,0.139699,0.115332,0.006865,0.992288,0.132834,2262,2265
xfund_train_pt_train_60,lighton_ocr,VLM,0.259505,0.171167,0.082838,0.965000,0.176667,2262,2573
xfund_train_pt_train_60,rapidocr,classical,0.321839,0.304805,0.623799,0.396166,-0.301960,2262,1837
xfund_train_pt_train_60,surya,classical,0.129973,0.117162,0.007323,0.989744,0.122651,2262,2251
xfund_train_pt_train_60,tesseract,classical,0.188329,0.160641,0.102517,0.794937,0.085812,2262,2333
xfund_train_pt_train_61,doctr,classical,0.192608,0.181354,0.076628,0.799127,0.115979,2435,2431
xfund_train_pt_train_61,easyocr,classical,0.188501,0.159217,0.126011,0.762980,0.062490,2435,2391
xfund_train_pt_train_61,glm_ocr,VLM,0.152361,0.129417,0.002980,0.986486,0.149381,2435,2450
xfund_train_pt_train_61,lighton_ocr,VLM,0.367146,0.238399,0.203917,0.924528,0.163229,2435,2772
xfund_train_pt_train_61,rapidocr,classical,0.354415,0.323116,0.600255,0.432584,-0.245841,2435,1934
xfund_train_pt_train_61,surya,classical,0.166735,0.155385,0.007237,0.977477,0.159498,2435,2435
xfund_train_pt_train_61,tesseract,classical,0.218891,0.190294,0.111537,0.795556,0.107354,2435,2463
xfund_train_pt_train_62,doctr,classical,0.102445,0.083744,0.086207,0.788406,0.016238,1718,1677
xfund_train_pt_train_62,easyocr,classical,0.162980,0.129926,0.123153,0.777778,0.039828,1718,1654
xfund_train_pt_train_62,glm_ocr,VLM,0.116997,0.089901,0.016626,0.982249,0.100371,1718,1722
xfund_train_pt_train_62,lighton_ocr,VLM,0.789872,0.538177,0.565271,0.812308,0.224601,1718,2517
xfund_train_pt_train_62,rapidocr,classical,0.185099,0.146552,0.427956,0.553846,-0.242857,1718,1549
xfund_train_pt_train_62,surya,classical,0.096042,0.085591,0.043103,0.961877,0.052938,1718,1696
xfund_train_pt_train_62,tesseract,classical,0.127474,0.096059,0.113916,0.809384,0.013558,1718,1736
xfund_train_pt_train_63,doctr,classical,0.118848,0.096190,0.102436,0.838150,0.016412,1666,1647
xfund_train_pt_train_63,easyocr,classical,0.174670,0.143660,0.176140,0.826979,-0.001470,1666,1627
xfund_train_pt_train_63,glm_ocr,VLM,0.113445,0.086196,0.004997,0.982249,0.108449,1666,1677
xfund_train_pt_train_63,lighton_ocr,VLM,0.873950,0.660837,0.677077,0.765517,0.196873,1666,2197
xfund_train_pt_train_63,rapidocr,classical,0.201681,0.174266,0.445347,0.647799,-0.243666,1666,1540
xfund_train_pt_train_63,surya,classical,0.115246,0.097439,0.009369,0.985251,0.105877,1666,1645
xfund_train_pt_train_63,tesseract,classical,0.218487,0.163648,0.195503,0.780899,0.022985,1666,1655
xfund_train_pt_train_64,doctr,classical,0.685353,0.657935,0.101403,0.788288,0.583950,6083,6044
xfund_train_pt_train_64,easyocr,classical,0.682394,0.657259,0.173737,0.757259,0.508657,6083,6002
xfund_train_pt_train_64,glm_ocr,VLM,0.543317,0.526956,0.412371,0.723343,0.130946,6083,3588
xfund_train_pt_train_64,lighton_ocr,VLM,0.566990,0.546392,0.384992,0.753173,0.181998,6083,3981
xfund_train_pt_train_64,rapidocr,classical,0.675489,0.651006,0.610951,0.342069,0.064538,6083,4713
xfund_train_pt_train_64,surya,classical,0.699162,0.670610,0.032787,0.953271,0.666375,6083,5990
xfund_train_pt_train_64,tesseract,classical,0.083347,0.071827,0.113402,0.773672,-0.030055,6083,6075
xfund_train_pt_train_65,doctr,classical,0.081962,0.075051,0.069642,0.791304,0.012320,3038,3048
xfund_train_pt_train_65,easyocr,classical,0.074062,0.061190,0.123056,0.767494,-0.048994,3038,3018
xfund_train_pt_train_65,glm_ocr,VLM,0.036208,0.017579,0.013185,0.977477,0.023023,3038,3058
xfund_train_pt_train_65,lighton_ocr,VLM,0.594141,0.518594,0.376606,0.767773,0.217535,3038,3230
xfund_train_pt_train_65,rapidocr,classical,0.267610,0.252197,0.637255,0.337531,-0.369645,3038,2421
xfund_train_pt_train_65,surya,classical,0.095787,0.088235,0.020622,0.984479,0.075165,3038,3051
xfund_train_pt_train_65,tesseract,classical,0.096116,0.077417,0.108181,0.777293,-0.012065,3038,3116
xfund_train_pt_train_66,doctr,classical,0.333333,0.311523,0.123047,0.706977,0.210286,1089,1079
xfund_train_pt_train_66,easyocr,classical,0.390266,0.356445,0.217773,0.579710,0.172493,1089,1066
xfund_train_pt_train_66,glm_ocr,VLM,0.322314,0.270508,0.089844,0.933962,0.232470,1089,1099
xfund_train_pt_train_66,lighton_ocr,VLM,0.506887,0.392578,0.182617,0.901786,0.324270,1089,1323
xfund_train_pt_train_66,rapidocr,classical,0.404040,0.378906,0.575195,0.532020,-0.171155,1089,1040
xfund_train_pt_train_66,surya,classical,0.343434,0.317383,0.199219,0.881818,0.144216,1089,1176
xfund_train_pt_train_66,tesseract,classical,0.422406,0.375977,0.239258,0.624434,0.183148,1089,1117
xfund_train_pt_train_67,doctr,classical,0.611462,0.564700,0.130392,0.790909,0.481070,2216,2188
xfund_train_pt_train_67,easyocr,classical,0.594314,0.528508,0.141299,0.798144,0.453015,2216,2086
xfund_train_pt_train_67,glm_ocr,VLM,0.595668,0.517600,0.058007,0.961722,0.537661,2216,2158
xfund_train_pt_train_67,lighton_ocr,VLM,0.837545,0.721368,0.575112,0.715493,0.262434,2216,2192
xfund_train_pt_train_67,rapidocr,classical,0.635830,0.581557,0.356966,0.687805,0.278865,2216,2036
xfund_train_pt_train_67,surya,classical,0.658845,0.598909,0.049083,0.974118,0.609762,2216,2175
xfund_train_pt_train_67,tesseract,classical,0.657491,0.619236,0.442241,0.517711,0.215250,2216,1512
xfund_train_pt_train_68,doctr,classical,0.084054,0.075758,0.082216,0.762313,0.001838,4164,4172
xfund_train_pt_train_68,easyocr,classical,0.118156,0.094635,0.177347,0.699784,-0.059192,4164,4136
xfund_train_pt_train_68,glm_ocr,VLM,0.321085,0.313214,0.280427,0.924939,0.040658,4164,3031
xfund_train_pt_train_68,lighton_ocr,VLM,0.417867,0.376801,0.316692,0.914692,0.101176,4164,3211
xfund_train_pt_train_68,rapidocr,classical,0.251441,0.230253,0.609786,0.445498,-0.358345,4164,3421
xfund_train_pt_train_68,surya,classical,0.065802,0.060606,0.013164,0.983908,0.052638,4164,4173
xfund_train_pt_train_68,tesseract,classical,0.102305,0.090909,0.107054,0.709957,-0.004749,4164,4146
xfund_train_pt_train_69,doctr,classical,0.519210,0.515789,0.111696,0.800995,0.407514,1822,1781
xfund_train_pt_train_69,easyocr,classical,0.546652,0.522222,0.178363,0.767677,0.368289,1822,1752
xfund_train_pt_train_69,glm_ocr,VLM,0.485730,0.469591,0.025146,0.974747,0.460584,1822,1828
xfund_train_pt_train_69,lighton_ocr,VLM,0.575192,0.509357,0.065497,0.969849,0.509695,1822,2008
xfund_train_pt_train_69,rapidocr,classical,0.546103,0.538596,0.359649,0.644809,0.186454,1822,1595
xfund_train_pt_train_69,surya,classical,0.515368,0.508772,0.025146,0.974874,0.490222,1822,1798
xfund_train_pt_train_69,tesseract,classical,0.560922,0.530409,0.181871,0.751843,0.379051,1822,1859
xfund_train_pt_train_7,doctr,classical,0.403237,0.384401,0.335655,0.651613,0.067582,1483,1474
xfund_train_pt_train_7,easyocr,classical,0.355361,0.318245,0.142061,0.784314,0.213299,1483,1457
xfund_train_pt_train_7,glm_ocr,VLM,0.381659,0.346100,0.036908,0.973856,0.344751,1483,1553
xfund_train_pt_train_7,lighton_ocr,VLM,0.659474,0.424095,0.158078,0.954839,0.501396,1483,2032
xfund_train_pt_train_7,rapidocr,classical,0.395145,0.383008,0.456825,0.621429,-0.061680,1483,1396
xfund_train_pt_train_7,surya,classical,0.443021,0.416435,0.043872,0.954545,0.399149,1483,1478
xfund_train_pt_train_7,tesseract,classical,0.505732,0.454039,0.194986,0.710963,0.310746,1483,1435
xfund_train_pt_train_70,doctr,classical,0.576584,0.548228,0.155812,0.775665,0.420772,1247,1237
xfund_train_pt_train_70,easyocr,classical,0.589415,0.533388,0.211871,0.694340,0.377543,1247,1207
xfund_train_pt_train_70,glm_ocr,VLM,0.569366,0.530091,0.059357,0.940711,0.510010,1247,1209
xfund_train_pt_train_70,lighton_ocr,VLM,1.028067,0.761748,0.427040,0.943396,0.601027,1247,2029
xfund_train_pt_train_70,rapidocr,classical,0.612670,0.576257,0.403133,0.570248,0.209538,1247,1178
xfund_train_pt_train_70,surya,classical,0.580593,0.520198,0.124485,0.919540,0.456109,1247,1237
xfund_train_pt_train_70,tesseract,classical,0.688051,0.619126,0.155812,0.734082,0.532239,1247,1271
xfund_train_pt_train_71,doctr,classical,0.207232,0.196928,0.065826,0.809668,0.141406,1853,1856
xfund_train_pt_train_71,easyocr,classical,0.229897,0.209545,0.123971,0.787692,0.105926,1853,1854
xfund_train_pt_train_71,glm_ocr,VLM,0.231516,0.218870,0.074054,0.932039,0.157463,1853,1732
xfund_train_pt_train_71,lighton_ocr,VLM,0.229897,0.173889,0.005485,0.990769,0.224412,1853,1950
xfund_train_pt_train_71,rapidocr,classical,0.439827,0.432803,0.542512,0.466667,-0.102685,1853,1392
xfund_train_pt_train_71,surya,classical,0.185105,0.178826,0.009874,0.978723,0.175231,1853,1862
xfund_train_pt_train_71,tesseract,classical,0.227199,0.207899,0.108612,0.792793,0.118587,1853,1886
xfund_train_pt_train_72,doctr,classical,0.686330,0.648389,0.313207,0.524917,0.373123,5289,5247
xfund_train_pt_train_72,easyocr,classical,0.680280,0.621720,0.274589,0.587814,0.405691,5289,4944
xfund_train_pt_train_72,glm_ocr,VLM,0.697674,0.685940,0.640282,0.733333,0.057393,5289,1941
xfund_train_pt_train_72,lighton_ocr,VLM,0.809605,0.759974,0.754640,0.721569,0.054964,5289,2131
xfund_train_pt_train_72,rapidocr,classical,0.661184,0.634308,0.302966,0.475096,0.358218,5289,4857
xfund_train_pt_train_72,surya,classical,0.689922,0.654150,0.095157,0.859206,0.594766,5289,4996
xfund_train_pt_train_72,tesseract,classical,0.737947,0.674205,0.417965,0.469657,0.319982,5289,5407
xfund_train_pt_train_73,doctr,classical,0.676008,0.665014,0.699884,0.301003,-0.023876,6173,2533
xfund_train_pt_train_73,easyocr,classical,0.341163,0.317633,0.581392,0.188960,-0.240228,6173,5212
xfund_train_pt_train_73,glm_ocr,VLM,0.439009,0.434143,0.432821,0.768233,0.006188,6173,3586
xfund_train_pt_train_73,lighton_ocr,VLM,0.564231,0.537101,0.480747,0.644951,0.083484,6173,3647
xfund_train_pt_train_73,rapidocr,classical,0.266483,0.257313,0.499917,0.381313,-0.233434,6173,4977
xfund_train_pt_train_73,surya,classical,0.027215,0.021815,0.031730,0.965422,-0.004515,6173,6194
xfund_train_pt_train_73,tesseract,classical,0.115989,0.108247,0.262766,0.524038,-0.146778,6173,6123
xfund_train_pt_train_74,doctr,classical,0.255835,0.236893,0.075728,0.810811,0.180107,1114,1111
xfund_train_pt_train_74,easyocr,classical,0.281867,0.257282,0.166990,0.690909,0.114877,1114,1094
xfund_train_pt_train_74,glm_ocr,VLM,0.267504,0.215534,0.016505,0.977169,0.251000,1114,1140
xfund_train_pt_train_74,lighton_ocr,VLM,0.724417,0.493204,0.305825,0.963964,0.418591,1114,1688
xfund_train_pt_train_74,rapidocr,classical,0.367145,0.340777,0.447573,0.653266,-0.080427,1114,937
xfund_train_pt_train_74,surya,classical,0.254039,0.237864,0.038835,0.968037,0.215205,1114,1121
xfund_train_pt_train_74,tesseract,classical,0.358169,0.306796,0.194175,0.711864,0.163994,1114,1204
xfund_train_pt_train_75,doctr,classical,0.481460,0.464488,0.081081,0.848485,0.400379,1699,1694
xfund_train_pt_train_75,easyocr,classical,0.524426,0.489001,0.150849,0.791086,0.373578,1699,1659
xfund_train_pt_train_75,glm_ocr,VLM,0.506180,0.470773,0.033941,0.977401,0.472239,1699,1665
xfund_train_pt_train_75,lighton_ocr,VLM,0.658623,0.443746,0.006914,0.988889,0.651709,1699,2030
xfund_train_pt_train_75,rapidocr,classical,0.508534,0.494029,0.314896,0.689855,0.193638,1699,1576
xfund_train_pt_train_75,surya,classical,0.546792,0.515399,0.025141,0.972376,0.521651,1699,1712
xfund_train_pt_train_75,tesseract,classical,0.528546,0.487115,0.158391,0.795640,0.370155,1699,1750
xfund_train_pt_train_76,doctr,classical,0.114211,0.097561,0.028004,0.904215,0.086207,1147,1140
xfund_train_pt_train_76,easyocr,classical,0.137751,0.112918,0.109304,0.849421,0.028446,1147,1123
xfund_train_pt_train_76,glm_ocr,VLM,0.121186,0.086721,0.017164,0.984496,0.104022,1147,1158
xfund_train_pt_train_76,lighton_ocr,VLM,0.209241,0.140921,0.069557,0.947761,0.139684,1147,1254
xfund_train_pt_train_76,rapidocr,classical,0.199651,0.180668,0.574526,0.555066,-0.374874,1147,1042
xfund_train_pt_train_76,surya,classical,0.130776,0.106594,0.023487,0.980843,0.107289,1147,1149
xfund_train_pt_train_76,tesseract,classical,0.155187,0.118338,0.136405,0.850575,0.018783,1147,1172
xfund_train_pt_train_77,doctr,classical,0.079952,0.079355,0.067576,0.800000,0.012376,1651,1649
xfund_train_pt_train_77,easyocr,classical,0.110236,0.099194,0.117173,0.768254,-0.006937,1651,1647
xfund_train_pt_train_77,glm_ocr,VLM,0.081163,0.063856,0.010539,0.987097,0.070624,1651,1643
xfund_train_pt_train_77,lighton_ocr,VLM,0.084191,0.054557,0.001240,0.996805,0.082951,1651,1678
xfund_train_pt_train_77,rapidocr,classical,0.159903,0.154991,0.300682,0.707395,-0.140779,1651,1531
xfund_train_pt_train_77,surya,classical,0.073289,0.073156,0.001240,0.996805,0.072049,1651,1649
xfund_train_pt_train_77,tesseract,classical,0.104179,0.096714,0.128332,0.768750,-0.024153,1651,1665
xfund_train_pt_train_78,doctr,classical,0.186180,0.167677,0.038384,0.813953,0.147797,1042,1033
xfund_train_pt_train_78,easyocr,classical,0.263916,0.239394,0.152525,0.732558,0.111390,1042,1022
xfund_train_pt_train_78,glm_ocr,VLM,0.163148,0.144444,0.003030,0.994012,0.160117,1042,1052
xfund_train_pt_train_78,lighton_ocr,VLM,0.186180,0.141414,0.000000,1.000000,0.186180,1042,1082
xfund_train_pt_train_78,rapidocr,classical,0.241843,0.226263,0.225253,0.731707,0.016590,1042,1026
xfund_train_pt_train_78,surya,classical,0.252399,0.235354,0.034343,0.970414,0.218056,1042,1038
xfund_train_pt_train_78,tesseract,classical,0.241843,0.220202,0.130303,0.738636,0.111540,1042,1073
xfund_train_pt_train_79,doctr,classical,0.588827,0.547170,0.021226,0.892157,0.567600,895,893
xfund_train_pt_train_79,easyocr,classical,0.606704,0.575472,0.137972,0.794258,0.468732,895,893
xfund_train_pt_train_79,glm_ocr,VLM,0.597765,0.550708,0.004717,0.985222,0.593048,895,904
xfund_train_pt_train_79,lighton_ocr,VLM,1.086034,0.785377,0.344340,0.980583,0.741694,895,1408
xfund_train_pt_train_79,rapidocr,classical,0.649162,0.608491,0.408019,0.680851,0.241143,895,841
xfund_train_pt_train_79,surya,classical,0.621229,0.583726,0.001179,0.990196,0.620050,895,888
xfund_train_pt_train_79,tesseract,classical,0.646927,0.599057,0.128538,0.779343,0.518390,895,927
xfund_train_pt_train_8,doctr,classical,0.263763,0.248288,0.118151,0.737288,0.145613,1217,1211
xfund_train_pt_train_8,easyocr,classical,0.322925,0.270548,0.220034,0.697479,0.102891,1217,1195
xfund_train_pt_train_8,glm_ocr,VLM,0.235004,0.202911,0.003425,0.995671,0.231579,1217,1236
xfund_train_pt_train_8,lighton_ocr,VLM,1.111750,0.757705,0.620719,0.909091,0.491031,1217,2374
xfund_train_pt_train_8,rapidocr,classical,0.308135,0.279966,0.420377,0.598131,-0.112242,1217,1151
xfund_train_pt_train_8,surya,classical,0.282662,0.264555,0.011986,0.991379,0.270676,1217,1206
xfund_train_pt_train_8,tesseract,classical,0.322104,0.292808,0.250856,0.681034,0.071247,1217,1082
xfund_train_pt_train_80,doctr,classical,0.376282,0.362517,0.160055,0.815217,0.216227,1560,1506
xfund_train_pt_train_80,easyocr,classical,0.503205,0.457592,0.216142,0.762162,0.287063,1560,1483
xfund_train_pt_train_80,glm_ocr,VLM,0.457051,0.439808,0.181943,0.888235,0.275109,1560,1305
xfund_train_pt_train_80,lighton_ocr,VLM,0.730769,0.513680,0.354309,0.877922,0.376460,1560,2259
xfund_train_pt_train_80,rapidocr,classical,0.448718,0.417921,0.484952,0.578462,-0.036234,1560,1415
xfund_train_pt_train_80,surya,classical,0.414103,0.391929,0.065663,0.970350,0.348439,1560,1572
xfund_train_pt_train_80,tesseract,classical,0.482692,0.448700,0.272914,0.686327,0.209778,1560,1468
xfund_train_pt_train_81,doctr,classical,0.611628,0.568852,0.148361,0.751880,0.463267,1290,1254
xfund_train_pt_train_81,easyocr,classical,0.653488,0.556557,0.200000,0.691729,0.453488,1290,1166
xfund_train_pt_train_81,glm_ocr,VLM,0.571318,0.489344,0.204918,0.871795,0.366400,1290,1134
xfund_train_pt_train_81,lighton_ocr,VLM,1.074419,0.684426,0.743443,0.852941,0.330976,1290,1889
xfund_train_pt_train_81,rapidocr,classical,0.631008,0.593443,0.369672,0.692913,0.261336,1290,1215
xfund_train_pt_train_81,surya,classical,0.617829,0.547541,0.061475,0.936508,0.556354,1290,1179
xfund_train_pt_train_81,tesseract,classical,0.687597,0.586885,0.186885,0.680851,0.500712,1290,1269
xfund_train_pt_train_82,doctr,classical,0.110204,0.091570,0.074128,0.786667,0.036076,735,737
xfund_train_pt_train_82,easyocr,classical,0.145578,0.119186,0.110465,0.781457,0.035113,735,716
xfund_train_pt_train_82,glm_ocr,VLM,0.087075,0.053779,0.034884,0.980132,0.052191,735,743
xfund_train_pt_train_82,lighton_ocr,VLM,0.474830,0.210756,0.184593,0.931677,0.290237,735,1052
xfund_train_pt_train_82,rapidocr,classical,0.190476,0.152616,0.404070,0.623188,-0.213594,735,687
xfund_train_pt_train_82,surya,classical,0.219048,0.203488,0.000000,1.000000,0.219048,735,737
xfund_train_pt_train_82,tesseract,classical,0.200000,0.155523,0.091570,0.797386,0.108430,735,764
xfund_train_pt_train_83,doctr,classical,0.428302,0.393281,0.096838,0.822134,0.331464,1060,1063
xfund_train_pt_train_83,easyocr,classical,0.517925,0.449605,0.363636,0.640927,0.154288,1060,1076
xfund_train_pt_train_83,glm_ocr,VLM,0.367925,0.324111,0.031621,0.983740,0.336304,1060,1055
xfund_train_pt_train_83,lighton_ocr,VLM,1.116981,0.770751,0.561265,0.916667,0.555716,1060,1954
xfund_train_pt_train_83,rapidocr,classical,0.452830,0.427866,0.381423,0.680672,0.071407,1060,1010
xfund_train_pt_train_83,surya,classical,0.430189,0.400198,0.063241,0.941634,0.366948,1060,1062
xfund_train_pt_train_83,tesseract,classical,0.460377,0.395257,0.190711,0.742424,0.269666,1060,1072
xfund_train_pt_train_84,doctr,classical,0.351887,0.353119,0.059356,0.850242,0.292531,1060,1049
xfund_train_pt_train_84,easyocr,classical,0.325472,0.311871,0.128773,0.763285,0.196699,1060,1030
xfund_train_pt_train_84,glm_ocr,VLM,0.515094,0.483903,0.237425,0.908108,0.277670,1060,816
xfund_train_pt_train_84,lighton_ocr,VLM,1.381132,1.053320,0.886318,0.852321,0.494814,1060,2319
xfund_train_pt_train_84,rapidocr,classical,0.425472,0.394366,0.444668,0.541436,-0.019196,1060,914
xfund_train_pt_train_84,surya,classical,0.331132,0.330986,0.000000,1.000000,0.331132,1060,1062
xfund_train_pt_train_84,tesseract,classical,0.466038,0.413481,0.124748,0.796209,0.341289,1060,1141
xfund_train_pt_train_85,doctr,classical,0.250716,0.227513,0.049459,0.835735,0.201257,4539,4511
xfund_train_pt_train_85,easyocr,classical,0.287729,0.256039,0.135956,0.778255,0.151773,4539,4474
xfund_train_pt_train_85,glm_ocr,VLM,0.532276,0.511387,0.357028,0.792982,0.175248,4539,2916
xfund_train_pt_train_85,lighton_ocr,VLM,0.513329,0.476881,0.322521,0.812392,0.190808,4539,3148
xfund_train_pt_train_85,rapidocr,classical,0.383785,0.361859,0.638831,0.389078,-0.255046,4539,3694
xfund_train_pt_train_85,surya,classical,0.242344,0.227283,0.011962,0.987013,0.230382,4539,4554
xfund_train_pt_train_85,tesseract,classical,0.262172,0.239936,0.119163,0.775740,0.143010,4539,4577
xfund_train_pt_train_86,doctr,classical,0.397884,0.385908,0.120867,0.876640,0.277016,1890,1843
xfund_train_pt_train_86,easyocr,classical,0.455026,0.396206,0.154472,0.845144,0.300555,1890,1827
xfund_train_pt_train_86,glm_ocr,VLM,0.551323,0.520867,0.029268,0.978836,0.522054,1890,1878
xfund_train_pt_train_86,lighton_ocr,VLM,0.950794,0.772900,0.605420,0.837209,0.345374,1890,2183
xfund_train_pt_train_86,rapidocr,classical,0.448677,0.432520,0.324119,0.707447,0.124558,1890,1826
xfund_train_pt_train_86,surya,classical,0.521693,0.504065,0.013550,0.992208,0.508143,1890,1894
xfund_train_pt_train_86,tesseract,classical,0.564550,0.504607,0.129539,0.804071,0.435011,1890,1890
xfund_train_pt_train_87,doctr,classical,0.200952,0.173480,0.049850,0.921162,0.151102,1050,1048
xfund_train_pt_train_87,easyocr,classical,0.248571,0.213360,0.097707,0.890688,0.150865,1050,1044
xfund_train_pt_train_87,glm_ocr,VLM,0.218095,0.158524,0.004985,0.995851,0.213110,1050,1079
xfund_train_pt_train_87,lighton_ocr,VLM,0.218095,0.158524,0.004985,0.995851,0.213110,1050,1078
xfund_train_pt_train_87,rapidocr,classical,0.214286,0.198405,0.256231,0.809917,-0.041946,1050,1038
xfund_train_pt_train_87,surya,classical,0.210476,0.172483,0.053838,0.975410,0.156638,1050,1072
xfund_train_pt_train_87,tesseract,classical,0.239048,0.185444,0.106680,0.861789,0.132368,1050,1083
xfund_train_pt_train_88,doctr,classical,0.144845,0.142080,0.110638,0.802778,0.034207,4384,4352
xfund_train_pt_train_88,easyocr,classical,0.180657,0.156738,0.183452,0.745098,-0.002795,4384,4353
xfund_train_pt_train_88,glm_ocr,VLM,0.524179,0.526241,0.422222,0.782161,0.101957,4384,2573
xfund_train_pt_train_88,lighton_ocr,VLM,0.751141,0.701418,0.648463,0.465021,0.102677,4384,2396
xfund_train_pt_train_88,rapidocr,classical,0.239051,0.219858,0.558156,0.438871,-0.319105,4384,3864
xfund_train_pt_train_88,surya,classical,0.110173,0.108983,0.001418,0.998586,0.108755,4384,4383
xfund_train_pt_train_88,tesseract,classical,0.246122,0.226005,0.216076,0.741935,0.030047,4384,3859
xfund_train_pt_train_89,doctr,classical,0.251621,0.227244,0.045194,0.847458,0.206426,1697,1672
xfund_train_pt_train_89,easyocr,classical,0.312905,0.248250,0.143857,0.741379,0.169048,1697,1621
xfund_train_pt_train_89,glm_ocr,VLM,0.241014,0.211330,0.013367,0.985673,0.227646,1697,1714
xfund_train_pt_train_89,lighton_ocr,VLM,0.738362,0.572884,0.444303,0.901493,0.294059,1697,2240
xfund_train_pt_train_89,rapidocr,classical,0.358279,0.318905,0.476130,0.591195,-0.117851,1697,1488
xfund_train_pt_train_89,surya,classical,0.226871,0.211330,0.008912,0.988636,0.217959,1697,1699
xfund_train_pt_train_89,tesseract,classical,0.278727,0.248886,0.077021,0.804533,0.201706,1697,1732
xfund_train_pt_train_9,doctr,classical,0.280576,0.265105,0.097411,0.857143,0.183165,834,830
xfund_train_pt_train_9,easyocr,classical,0.302158,0.283600,0.157830,0.796209,0.144328,834,833
xfund_train_pt_train_9,glm_ocr,VLM,0.264988,0.240444,0.018496,0.985915,0.246492,834,840
xfund_train_pt_train_9,lighton_ocr,VLM,0.534772,0.388409,0.166461,0.945946,0.368311,834,1065
xfund_train_pt_train_9,rapidocr,classical,0.336930,0.310727,0.488286,0.510870,-0.151356,834,780
xfund_train_pt_train_9,surya,classical,0.263789,0.249075,0.027127,0.981308,0.236662,834,830
xfund_train_pt_train_9,tesseract,classical,0.290168,0.265105,0.090012,0.863850,0.200156,834,842
xfund_train_pt_train_90,doctr,classical,0.314846,0.303752,0.137582,0.770538,0.177264,1785,1774
xfund_train_pt_train_90,easyocr,classical,0.371429,0.351995,0.146516,0.746356,0.224913,1785,1725
xfund_train_pt_train_90,glm_ocr,VLM,0.333894,0.309708,0.067302,0.961877,0.266592,1785,1831
xfund_train_pt_train_90,lighton_ocr,VLM,0.641457,0.443121,0.193568,0.926966,0.447889,1785,2416
xfund_train_pt_train_90,rapidocr,classical,0.366947,0.340679,0.394282,0.608434,-0.027336,1785,1644
xfund_train_pt_train_90,surya,classical,0.377591,0.363311,0.138177,0.918605,0.239414,1785,1822
xfund_train_pt_train_90,tesseract,classical,0.412885,0.386540,0.216796,0.697674,0.196089,1785,1746
xfund_train_pt_train_91,doctr,classical,0.018109,0.019231,0.074786,0.906250,-0.056678,497,497
xfund_train_pt_train_91,easyocr,classical,0.072435,0.051282,0.162393,0.780488,-0.089959,497,487
xfund_train_pt_train_91,glm_ocr,VLM,0.058350,0.004274,0.004274,0.992000,0.054077,497,520
xfund_train_pt_train_91,lighton_ocr,VLM,0.124748,0.027778,0.000000,1.000000,0.124748,497,544
xfund_train_pt_train_91,rapidocr,classical,0.090543,0.076923,0.414530,0.704918,-0.323987,497,465
xfund_train_pt_train_91,surya,classical,0.088531,0.072650,0.019231,0.984375,0.069300,497,512
xfund_train_pt_train_91,tesseract,classical,0.142857,0.098291,0.145299,0.822581,-0.002442,497,523
xfund_train_pt_train_92,doctr,classical,0.313253,0.303926,0.087781,0.825553,0.225472,2490,2452
xfund_train_pt_train_92,easyocr,classical,0.359839,0.328628,0.163652,0.745679,0.196187,2490,2364
xfund_train_pt_train_92,glm_ocr,VLM,0.349799,0.337009,0.078077,0.967254,0.271722,2490,2384
xfund_train_pt_train_92,lighton_ocr,VLM,0.794779,0.681959,0.664755,0.668750,0.130024,2490,2134
xfund_train_pt_train_92,rapidocr,classical,0.426104,0.409352,0.449493,0.600522,-0.023388,2490,2138
xfund_train_pt_train_92,surya,classical,0.331325,0.315395,0.053375,0.967581,0.277951,2490,2502
xfund_train_pt_train_92,tesseract,classical,0.351406,0.330393,0.159682,0.749392,0.191723,2490,2519
xfund_train_pt_train_93,doctr,classical,0.487370,0.442246,0.049733,0.839050,0.437637,2019,1962
xfund_train_pt_train_93,easyocr,classical,0.538881,0.455615,0.190909,0.728232,0.347972,2019,1877
xfund_train_pt_train_93,glm_ocr,VLM,0.503219,0.435829,0.021390,0.992042,0.481829,2019,2032
xfund_train_pt_train_93,lighton_ocr,VLM,0.950966,0.752406,0.627273,0.676923,0.323693,2019,2286
xfund_train_pt_train_93,rapidocr,classical,0.525012,0.483422,0.350267,0.657682,0.174745,2019,1864
xfund_train_pt_train_93,surya,classical,0.501734,0.453476,0.035294,0.992042,0.466439,2019,1942
xfund_train_pt_train_93,tesseract,classical,0.639921,0.550802,0.189840,0.747475,0.450081,2019,2068
xfund_train_pt_train_94,doctr,classical,0.233441,0.215962,0.047375,0.848329,0.186066,2476,2435
xfund_train_pt_train_94,easyocr,classical,0.284330,0.244985,0.174563,0.715026,0.109767,2476,2379
xfund_train_pt_train_94,glm_ocr,VLM,0.291195,0.253948,0.078105,0.959786,0.213090,2476,2318
xfund_train_pt_train_94,lighton_ocr,VLM,0.882876,0.740077,0.588562,0.688235,0.294314,2476,2555
xfund_train_pt_train_94,rapidocr,classical,0.284733,0.258216,0.310713,0.670185,-0.025979,2476,2362
xfund_train_pt_train_94,surya,classical,0.222132,0.205292,0.019633,0.987013,0.202500,2476,2406
xfund_train_pt_train_94,tesseract,classical,0.271809,0.241571,0.105847,0.787724,0.165962,2476,2442
xfund_train_pt_train_95,doctr,classical,0.288368,0.270091,0.041425,0.769231,0.246943,1238,1237
xfund_train_pt_train_95,easyocr,classical,0.385299,0.306545,0.125104,0.763359,0.260195,1238,1181
xfund_train_pt_train_95,glm_ocr,VLM,0.231018,0.160729,0.013256,0.960000,0.217762,1238,1279
xfund_train_pt_train_95,lighton_ocr,VLM,1.069467,0.730737,0.695940,0.916031,0.373527,1238,2064
xfund_train_pt_train_95,rapidocr,classical,0.338449,0.321458,0.418393,0.569106,-0.079944,1238,1186
xfund_train_pt_train_95,surya,classical,0.308562,0.299089,0.036454,0.952381,0.272108,1238,1222
xfund_train_pt_train_95,tesseract,classical,0.483845,0.420878,0.294946,0.592105,0.188899,1238,1197
xfund_train_pt_train_96,doctr,classical,0.167454,0.153413,0.103096,0.811245,0.064358,2962,2866
xfund_train_pt_train_96,easyocr,classical,0.241729,0.204785,0.188248,0.704724,0.053481,2962,2892
xfund_train_pt_train_96,glm_ocr,VLM,0.197839,0.182970,0.140746,0.927660,0.057093,2962,2589
xfund_train_pt_train_96,lighton_ocr,VLM,0.416948,0.325475,0.281140,0.872807,0.135808,2962,2717
xfund_train_pt_train_96,rapidocr,classical,0.301823,0.275510,0.559113,0.490826,-0.257290,2962,2462
xfund_train_pt_train_96,surya,classical,0.230587,0.206193,0.060169,0.944559,0.170419,2962,2835
xfund_train_pt_train_96,tesseract,classical,0.229575,0.185433,0.213230,0.681018,0.016344,2962,2767
xfund_train_pt_train_97,doctr,classical,0.371737,0.360766,0.091866,0.808989,0.279871,1111,1108
xfund_train_pt_train_97,easyocr,classical,0.393339,0.364593,0.142584,0.745763,0.250756,1111,1100
xfund_train_pt_train_97,glm_ocr,VLM,0.344734,0.328230,0.013397,0.971751,0.331337,1111,1118
xfund_train_pt_train_97,lighton_ocr,VLM,0.854185,0.613397,0.362679,0.966667,0.491506,1111,1772
xfund_train_pt_train_97,rapidocr,classical,0.386139,0.377990,0.279426,0.696629,0.106713,1111,1059
xfund_train_pt_train_97,surya,classical,0.351935,0.343541,0.015311,0.988764,0.336624,1111,1123
xfund_train_pt_train_97,tesseract,classical,0.409541,0.375120,0.128230,0.729282,0.281311,1111,1145
xfund_train_pt_train_98,doctr,classical,0.259019,0.255545,0.076181,0.845455,0.182838,1081,1074
xfund_train_pt_train_98,easyocr,classical,0.283996,0.267117,0.174542,0.827273,0.109454,1081,1061
xfund_train_pt_train_98,glm_ocr,VLM,0.267345,0.245902,0.037608,0.972222,0.229737,1081,1072
xfund_train_pt_train_98,lighton_ocr,VLM,0.874191,0.564127,0.431051,0.951111,0.443139,1081,1871
xfund_train_pt_train_98,rapidocr,classical,0.344126,0.335583,0.511090,0.467391,-0.166964,1081,999
xfund_train_pt_train_98,surya,classical,0.316374,0.306654,0.029894,0.972727,0.286480,1081,1092
xfund_train_pt_train_98,tesseract,classical,0.298797,0.272903,0.150434,0.792952,0.148363,1081,1097
xfund_train_pt_train_99,doctr,classical,0.229339,0.212354,0.109284,0.776860,0.120055,2904,2872
xfund_train_pt_train_99,easyocr,classical,0.264807,0.228070,0.124635,0.759494,0.140173,2904,2834
xfund_train_pt_train_99,glm_ocr,VLM,0.298209,0.271930,0.135234,0.909502,0.162975,2904,2570
xfund_train_pt_train_99,lighton_ocr,VLM,0.689738,0.591009,0.500731,0.776650,0.189007,2904,2341
xfund_train_pt_train_99,rapidocr,classical,0.440083,0.404240,0.590643,0.468599,-0.150561,2904,2223
xfund_train_pt_train_99,surya,classical,0.200069,0.185307,0.008406,0.982979,0.191662,2904,2893
xfund_train_pt_train_99,tesseract,classical,0.284435,0.259137,0.146199,0.737475,0.138236,2904,2985
